<?xml version="1.0" encoding="UTF-8"?>
<feature
      id="com.sap.adt.tools.hana"
      label="%featureName"
      version="3.20.1"
      provider-name="%providerName"
      plugin="com.sap.adt.branding">

   <description>
      %description
   </description>

   <copyright>
      %copyright
   </copyright>

   <license url="">
      %license
   </license>

   <requires>
      <import feature="com.sap.adt.tools" version="1.5.0" match="greaterOrEqual"/>
   </requires>

   <plugin
         id="com.sap.adt.hana.guide.doc.user"
         download-size="17039"
         install-size="19058"
         version="3.20.0"
         unpack="false"/>

   <plugin
         id="com.sap.adt.hana.guide.doc.user.ext"
         download-size="14"
         install-size="27"
         version="3.20.1"
         unpack="false"/>

   <plugin
         id="com.sap.adt.nhi.core"
         download-size="27"
         install-size="42"
         version="3.20.1"
         unpack="false"/>

   <plugin
         id="com.sap.adt.nhi.core.ui"
         download-size="59"
         install-size="113"
         version="3.20.1"
         unpack="false"/>

   <plugin
         id="com.sap.adt.nhi.model"
         download-size="46"
         install-size="100"
         version="3.20.1"
         unpack="false"/>

   <plugin
         id="com.sap.adt.ddic.sqlscripts"
         download-size="99"
         install-size="208"
         version="3.20.1"
         unpack="false"/>

   <plugin
         id="com.sap.adt.ddic.sqlscripts.ui"
         download-size="184"
         install-size="387"
         version="3.20.1"
         unpack="false"/>

   <plugin
         id="com.sap.adt.ddic.tools.core.ui"
         download-size="45"
         install-size="81"
         version="3.20.1"
         unpack="false"/>

   <plugin
         id="com.sap.adt.ddic.view"
         download-size="80"
         install-size="164"
         version="3.20.1"
         unpack="false"/>

   <plugin
         id="com.sap.adt.ddic.view.ui"
         download-size="90"
         install-size="182"
         version="3.20.1"
         unpack="false"/>

   <plugin
         id="com.sap.adt.hta.hdi"
         download-size="171"
         install-size="404"
         version="3.20.1"
         unpack="false"/>

   <plugin
         id="com.sap.adt.hta.hdi.ui"
         download-size="190"
         install-size="367"
         version="3.20.1"
         unpack="false"/>

</feature>
