<?xml version="1.0" encoding="UTF-8"?>
<feature
      id="com.sap.adt.tools.testdoubles"
      label="%featureName"
      version="1.76.0"
      provider-name="%providerName"
      plugin="com.sap.adt.branding">

   <description>
      %description
   </description>

   <copyright>
      %copyright
   </copyright>

   <license url="">
      %license
   </license>

   <requires>
      <import feature="com.sap.adt.tools" version="2.0.0.qualifier" match="greaterOrEqual"/>
      <import feature="com.sap.adt.tools.base" version="2.0.0.qualifier" match="greaterOrEqual"/>
   </requires>

   <plugin
         id="com.sap.adt.testdoubles.cds.model"
         download-size="135"
         install-size="319"
         version="1.76.0"
         unpack="false"/>
   <plugin
         id="com.sap.adt.testdoubles.cds.ui"
         download-size="296"
         install-size="593"
         version="1.76.0"
         unpack="false"/>

</feature>
