<?xml version="1.0" encoding="UTF-8"?>
<feature
      id="com.sap.adt.datatools"
      label="%datatools_featureName_xgrp"
      version="1.141.0"
     plugin="com.sap.adt.branding">

    <description>
      %datatools_description_xtxt
   </description>

   <copyright>
      %copyright
   </copyright>

   <license url="">
      %license
   </license>

   <requires>
      <import feature="com.sap.adt.common" version="1.1.0" match="compatible"/>
   </requires>

   <plugin
         id="com.sap.mts.simplified.datatype"
         download-size="216"
         install-size="515"
         version="1.141.0"
         unpack="false"/>

   <plugin
         id="com.sap.mts.simplified.datatype.ui"
         download-size="128"
         install-size="431"
         version="1.141.0"
         unpack="false"/>

   <plugin
         id="com.sap.mts.proxy.messagetype"
         download-size="51"
         install-size="107"
         version="1.141.0"
         unpack="false"/>

   <plugin
         id="com.sap.mts.proxy.messagetype.ui"
         download-size="45"
         install-size="84"
         version="1.141.0"
         unpack="false"/>

</feature>
