<?xml version="1.0" encoding="UTF-8"?>
<feature
      id="com.sap.adt.tools"
      label="%featureName"
      version="3.20.2"
      provider-name="%providerName"
      plugin="com.sap.adt.branding">

   <description>
      %description
   </description>

   <copyright>
      %copyright
   </copyright>

   <license url="">
      %license
   </license>

   <requires>
      <import feature="com.sap.adt.tools.base" version="3.0.0.qualifier" match="greaterOrEqual"/>
      <import feature="com.sap.rnd.feature" version="0.1.0" match="greaterOrEqual"/>
   </requires>

   <plugin
         id="com.sap.adt.apireleasestate"
         download-size="187"
         install-size="419"
         version="3.20.2"
         unpack="false"/>

   <plugin
         id="com.sap.adt.apireleasestate.ui"
         download-size="285"
         install-size="648"
         version="3.20.2"
         unpack="false"/>

   <plugin
         id="com.sap.adt.atc"
         download-size="558"
         install-size="1395"
         version="3.20.2"
         unpack="false"/>

   <plugin
         id="com.sap.adt.atc.ui"
         download-size="734"
         install-size="1532"
         version="3.20.2"
         unpack="false"/>

   <plugin
         id="com.sap.adt.projectexplorer.ui"
         download-size="876"
         install-size="1809"
         version="3.20.2"
         unpack="false"/>

   <plugin
         id="com.sap.adt.sapgui.ui"
         download-size="198"
         install-size="391"
         version="3.20.2"
         unpack="false"/>

   <plugin
         id="com.sap.adt.activation.ui"
         download-size="205"
         install-size="440"
         version="3.20.2"
         unpack="false"/>

   <plugin
         id="com.sap.adt.ris.whereused"
         download-size="60"
         install-size="122"
         version="3.20.2"
         unpack="false"/>

   <plugin
         id="com.sap.adt.ris.whereused.ui"
         download-size="80"
         install-size="169"
         version="3.20.2"
         unpack="false"/>

   <plugin
         id="com.sap.adt.oo"
         download-size="177"
         install-size="399"
         version="3.20.2"
         unpack="false"/>

   <plugin
         id="com.sap.adt.oo.ui"
         download-size="273"
         install-size="510"
         version="3.20.2"
         unpack="false"/>

   <plugin
         id="com.sap.adt.ris.search.ui"
         download-size="439"
         install-size="884"
         version="3.20.2"
         unpack="false"/>

   <plugin
         id="com.sap.adt.docu.ui"
         download-size="62"
         install-size="75"
         version="3.20.2"/>

   <plugin
         id="com.sap.adt.functions"
         download-size="179"
         install-size="415"
         version="3.20.2"
         unpack="false"/>

   <plugin
         id="com.sap.adt.functions.ui"
         download-size="208"
         install-size="360"
         version="3.20.2"
         unpack="false"/>

   <plugin
         id="com.sap.adt.programs"
         download-size="125"
         install-size="277"
         version="3.20.2"
         unpack="false"/>

   <plugin
         id="com.sap.adt.programs.ui"
         download-size="190"
         install-size="340"
         version="3.20.2"
         unpack="false"/>

   <plugin
         id="com.sap.adt.tools.abapsource"
         download-size="731"
         install-size="1666"
         version="3.20.2"
         unpack="false"/>

   <plugin
         id="com.sap.adt.tools.abapsource.ui"
         download-size="3240"
         install-size="7389"
         version="3.20.2"
         unpack="false"/>

   <plugin
         id="com.sap.adt.profiler"
         download-size="181"
         install-size="388"
         version="3.20.2"
         unpack="false"/>

   <plugin
         id="com.sap.adt.profiler.ui"
         download-size="905"
         install-size="1955"
         version="3.20.2"
         unpack="false"/>

   <plugin
         id="com.sap.adt.feedreader"
         download-size="197"
         install-size="409"
         version="3.20.2"
         unpack="false"/>

   <plugin
         id="com.sap.adt.feedreader.ui"
         download-size="265"
         install-size="553"
         version="3.20.2"
         unpack="false"/>

   <plugin
         id="com.sap.adt.tools.abapsource.parser"
         download-size="631"
         install-size="2960"
         version="3.20.2"
         unpack="false"/>

   <plugin
         id="com.sap.adt.tools.sqlm.model"
         download-size="214"
         install-size="558"
         version="3.20.2"
         unpack="false"/>

   <plugin
         id="com.sap.adt.tools.sqlm"
         download-size="552"
         install-size="1035"
         version="3.20.2"
         unpack="false"/>

   <plugin
         id="com.sap.adt.refactoring"
         download-size="169"
         install-size="384"
         version="3.20.2"
         unpack="false"/>

   <plugin
         id="com.sap.adt.refactoring.ui"
         download-size="460"
         install-size="624"
         version="3.20.2"/>

   <plugin
         id="com.sap.adt.refactoring.model"
         download-size="359"
         install-size="918"
         version="3.20.2"
         unpack="false"/>

   <plugin
         id="com.sap.adt.sapgui.ui.win32"
         os="win32"
         download-size="2868"
         install-size="3188"
         version="3.20.2"
         unpack="false"/>

   <plugin
         id="com.sap.adt.packages.ui"
         download-size="395"
         install-size="852"
         version="3.20.2"
         unpack="false"/>

   <plugin
         id="com.sap.adt.messageclass"
         download-size="64"
         install-size="141"
         version="3.20.2"
         unpack="false"/>

   <plugin
         id="com.sap.adt.messageclass.ui"
         download-size="189"
         install-size="414"
         version="3.20.2"
         unpack="false"/>

   <plugin
         id="com.sap.com.damnhandy.uri.template"
         download-size="31"
         install-size="52"
         version="1.1.7.2"
         unpack="false"/>

   <plugin
         id="com.sap.adt.tools.core.base"
         download-size="381"
         install-size="882"
         version="3.20.2"
         unpack="false"/>

   <plugin
         id="com.sap.adt.bookmark.ui"
         download-size="25"
         install-size="43"
         version="3.20.2"
         unpack="false"/>

   <plugin
         id="com.sap.adt.featureexplorer"
         download-size="65"
         install-size="120"
         version="3.20.2"
         unpack="false"/>

   <plugin
         id="com.sap.adt.featureexplorer.ui"
         download-size="177"
         install-size="296"
         version="3.20.2"/>

   <plugin
         id="com.sap.adt.transformation"
         download-size="65"
         install-size="132"
         version="3.20.2"
         unpack="false"/>

   <plugin
         id="com.sap.adt.transformation.ui"
         download-size="169"
         install-size="345"
         version="3.20.2"
         unpack="false"/>

   <plugin
         id="com.sap.adt.logpoint"
         download-size="215"
         install-size="542"
         version="3.20.2"
         unpack="false"/>

   <plugin
         id="com.sap.adt.logpoint.ui"
         download-size="361"
         install-size="800"
         version="3.20.2"
         unpack="false"/>

   <plugin
         id="com.sap.adt.blues.core"
         download-size="81"
         install-size="171"
         version="3.20.2"/>

   <plugin
         id="com.sap.adt.blues.core.ui"
         download-size="621"
         install-size="1364"
         version="3.20.2"/>

   <plugin
         id="com.sap.adt.amsd"
         download-size="59"
         install-size="115"
         version="3.20.2"/>

   <plugin
         id="com.sap.adt.amsd.ui"
         download-size="29"
         install-size="49"
         version="3.20.2"/>

   <plugin
         id="com.sap.adt.chke"
         download-size="158"
         install-size="381"
         version="3.20.2"
         unpack="false"/>

   <plugin
         id="com.sap.adt.chke.ui"
         download-size="49"
         install-size="94"
         version="3.20.2"
         unpack="false"/>

   <plugin
         id="com.sap.adt.chkv"
         download-size="101"
         install-size="202"
         version="3.20.2"
         unpack="false"/>

   <plugin
         id="com.sap.adt.chkv.ui"
         download-size="164"
         install-size="311"
         version="3.20.2"
         unpack="false"/>

   <plugin
         id="com.sap.adt.classification"
         download-size="59"
         install-size="114"
         version="3.20.2"
         unpack="false"/>

   <plugin
         id="com.sap.adt.classification.ui"
         download-size="81"
         install-size="165"
         version="3.20.2"
         unpack="false"/>

   <plugin
         id="com.sap.adt.codecomposer.cmpttyp.ui"
         download-size="21"
         install-size="31"
         version="3.20.2"
         unpack="false"/>

   <plugin
         id="com.sap.adt.tools.classrun.ui"
         download-size="31"
         install-size="55"
         version="3.20.2"
         unpack="false"/>

   <plugin
         id="com.sap.adt.featuretoggle"
         download-size="43"
         install-size="85"
         version="3.20.2"
         unpack="false"/>

   <plugin
         id="com.sap.adt.featuretoggle.ui"
         download-size="16"
         install-size="23"
         version="3.20.2"
         unpack="false"/>

   <plugin
         id="com.sap.adt.setgetparameters"
         download-size="46"
         install-size="96"
         version="3.20.2"
         unpack="false"/>

   <plugin
         id="com.sap.adt.setgetparameters.ui"
         download-size="41"
         install-size="57"
         version="3.20.2"
         unpack="false"/>

   <plugin
         id="com.sap.adt.ktd"
         download-size="71"
         install-size="157"
         version="3.20.2"
         unpack="false"/>

   <plugin
         id="com.sap.adt.ktd.ui"
         download-size="179"
         install-size="343"
         version="3.20.2"
         unpack="false"/>

   <plugin
         id="com.sap.adt.dump"
         download-size="29"
         install-size="49"
         version="3.20.2"
         unpack="false"/>

   <plugin
         id="com.sap.adt.dump.ui"
         download-size="136"
         install-size="250"
         version="3.20.2"
         unpack="false"/>

   <plugin
         id="com.sap.adt.a4c.abap.cloud.authentication.lib"
         download-size="42"
         install-size="50"
         version="3.20.2"
         unpack="false"/>

   <plugin
         id="com.sap.adt.a4c.abap.cloud.authentication"
         download-size="139"
         install-size="263"
         version="3.20.2"
         unpack="false"/>

   <plugin
         id="com.sap.adt.a4c.abap.cloud.authentication.ui"
         download-size="157"
         install-size="312"
         version="3.20.2"
         unpack="false"/>

   <plugin
         id="com.sap.adt.tools.cloud.authentication.ui"
         download-size="188"
         install-size="407"
         version="3.20.2"
         unpack="false"/>

   <plugin
         id="com.sap.adt.deletion"
         download-size="125"
         install-size="299"
         version="3.20.2"
         unpack="false"/>

   <plugin
         id="com.sap.adt.deletion.ui"
         download-size="131"
         install-size="242"
         version="3.20.2"
         unpack="false"/>

   <plugin
         id="com.sap.adt.enho.scp.ui"
         download-size="138"
         install-size="283"
         version="3.20.2"
         unpack="false"/>

   <plugin
         id="com.sap.adt.enho.badi.ui"
         download-size="184"
         install-size="397"
         version="3.20.2"
         unpack="false"/>

   <plugin
         id="com.sap.adt.enho.model"
         download-size="179"
         install-size="411"
         version="3.20.2"
         unpack="false"/>

   <plugin
         id="com.sap.adt.enhs"
         download-size="79"
         install-size="176"
         version="3.20.2"
         unpack="false"/>

   <plugin
         id="com.sap.adt.enhs.badi.ui"
         download-size="181"
         install-size="370"
         version="3.20.2"
         unpack="false"/>

   <plugin
         id="com.sap.adt.objectrelations"
         download-size="85"
         install-size="179"
         version="3.20.2"
         unpack="false"/>

   <plugin
         id="com.sap.adt.objectrelations.ui"
         download-size="234"
         install-size="497"
         version="3.20.2"
         unpack="false"/>

   <plugin
         id="com.sap.adt.tools.performance"
         download-size="91"
         install-size="211"
         version="3.20.2"
         unpack="false"/>

   <plugin
         id="com.sap.adt.tools.performance.ui"
         download-size="35"
         install-size="64"
         version="3.20.2"
         unpack="false"/>

   <plugin
         id="com.sap.adt.genericobjecttypes.ui"
         download-size="75"
         install-size="90"
         version="3.20.2"
         unpack="false"/>

   <plugin
         id="com.sap.adt.chk"
         download-size="101"
         install-size="216"
         version="3.20.2"
         unpack="false"/>

   <plugin
         id="com.sap.adt.chk.ui"
         download-size="87"
         install-size="148"
         version="3.20.2"
         unpack="false"/>

   <plugin
         id="com.sap.adt.textelements"
         download-size="79"
         install-size="163"
         version="3.20.2"
         unpack="false"/>

   <plugin
         id="com.sap.adt.textelements.ui"
         download-size="86"
         install-size="165"
         version="3.20.2"
         unpack="false"/>

   <plugin
         id="com.sap.adt.crosstrace"
         download-size="133"
         install-size="349"
         version="3.20.2"
         unpack="false"/>

   <plugin
         id="com.sap.adt.crosstrace.ui"
         download-size="359"
         install-size="753"
         version="3.20.2"
         unpack="false"/>
         
</feature>
