<?xml version="1.0" encoding="UTF-8"?>
<feature
      id="com.sap.ndb.studio.appdev.feature"
      label="%featureName_xtit"
      version="2.3.61"
      provider-name="%providerName"
      plugin="com.sap.ndb.studio">

   <description url="http://www.sap.com">
      %description_xtol
   </description>

   <copyright>
      %copyright
   </copyright>

   <license url="">
      %license
   </license>

   <requires>
      <import feature="com.sap.ndb.studio.dwb.feature" version="2.3.61" match="greaterOrEqual"/>
      <import feature="com.sap.ndb.studio.dbdev.feature" version="2.3.61" match="greaterOrEqual"/>
      <import feature="com.sap.ndb.studio.foundation.feature" version="2.3.61" match="greaterOrEqual"/>
      <import feature="com.sap.ndb.studio.runtime.feature" version="2.3.61" match="greaterOrEqual"/>
      <import feature="com.sap.ndb.studio.portal.feature" version="2.3.61" match="greaterOrEqual"/>
      <import feature="com.sap.ndb.studio.xse.debugger.feature" version="2.3.61" match="greaterOrEqual"/>
      <import feature="org.eclipse.wst.web_ui.feature" version="3.5.1" match="greaterOrEqual"/>
   </requires>

</feature>
