<?xml version="1.0" encoding="UTF-8"?>
<feature
      id="com.sap.bw.feature.hana"
      label="%featureName"
      version="1.23.21"
      provider-name="%providerName"
      plugin="com.sap.bw.branding">

   <description>
      %description
   </description>

   <copyright>
      %copyright
   </copyright>

   <license>
      %license
   </license>

   <requires>
      <import feature="com.sap.bw.feature.base" version="1.1.0.qualifier"/>
      <import feature="com.sap.ndb.studio.admin.feature" version="0.0.0"/>
      <import feature="com.sap.ndb.studio.appdev.feature" version="0.0.0"/>
      <import feature="com.sap.ndb.studio.dbdev.feature" version="0.0.0"/>
   </requires>

   <plugin
         id="com.sap.bw.hana.integration.ui"
         download-size="33"
         install-size="55"
         version="1.23.21"
         unpack="false"/>

   <plugin
         id="com.sap.bw.hana.integration"
         download-size="44"
         install-size="88"
         version="1.23.21"
         unpack="false"/>

</feature>
