<?xml version="1.0" encoding="UTF-8"?>
<feature
      id="com.sap.adt.pitools.npm"
      label="%pitoolsnpm_featureName_xgrp"
      version="1.141.0"
      plugin="com.sap.adt.branding">

   <description>
      %pitoolsnpm_description_xtxt
   </description>

   <copyright>
      %copyright
   </copyright>

   <license url="">
      %license
   </license>

   <requires>
      <import feature="com.sap.adt.common" version="1.1.0" match="compatible"/>
      <import feature="com.sap.adt.datatools" version="1.1.0" match="compatible"/>
      <import feature="com.sap.adt.pitools" version="1.1.0" match="compatible"/>
      <import feature="org.eclipse.wst.ws_ui.feature" version="3.2.1" match="compatible"/>
   </requires>

   <plugin
         id="com.sap.mts.isd.model"
         download-size="54"
         install-size="122"
         version="1.141.0"
         unpack="false"/>
         
   <plugin
         id="com.sap.mts.isd.ui"
         download-size="1915"
         install-size="2236"
         version="1.141.0"
         unpack="false"/>

   <plugin
         id="com.sap.mts.secontract.model"
         download-size="52"
         install-size="126"
         version="1.141.0"
         unpack="false"/>

   <plugin
         id="com.sap.mts.secontract.ui"
         download-size="126"
         install-size="263"
         version="1.141.0"
         unpack="false"/>

   <plugin
         id="com.sap.mts.contract.model"
         download-size="83"
         install-size="222"
         version="1.141.0"
         unpack="false"/>

   <plugin
         id="com.sap.mts.contractdefinition.ui"
         download-size="180"
         install-size="379"
         version="1.141.0"
         unpack="false"/>

   <plugin
         id="com.sap.mts.contractimpl.model"
         download-size="70"
         install-size="181"
         version="1.141.0"
         unpack="false"/>

   <plugin
         id="com.sap.mts.contractimpl.ui"
         download-size="175"
         install-size="372"
         version="1.141.0"
         unpack="false"/>

   <plugin
         id="com.sap.mts.consumermapping.model"
         download-size="46"
         install-size="101"
         version="1.141.0"
         unpack="false"/>

   <plugin
         id="com.sap.mts.consumermapping.ui"
         download-size="95"
         install-size="197"
         version="1.141.0"
         unpack="false"/>

   <plugin
         id="com.sap.mts.operationmapping.model"
         download-size="51"
         install-size="129"
         version="1.141.0"
         unpack="false"/>

   <plugin
         id="com.sap.mts.operationmapping.ui"
         download-size="117"
         install-size="250"
         version="1.141.0"
         unpack="false"/>

   <plugin
         id="com.sap.mts.consumerfactory.model"
         download-size="53"
         install-size="122"
         version="1.141.0"
         unpack="false"/>

   <plugin
         id="com.sap.mts.consumerfactory.ui"
         download-size="116"
         install-size="241"
         version="1.141.0"
         unpack="false"/>
         
   <plugin
         id="com.sap.mts.rfcconsumer.model"
         download-size="78"
         install-size="204"
         version="1.141.0"
         unpack="false"/>
         
   <plugin
         id="com.sap.mts.rfcconsumer.ui"
         download-size="146"
         install-size="312"
         version="1.141.0"
         unpack="false"/>                  


</feature>
