<?xml version="1.0" encoding="UTF-8"?>
<feature
      id="com.sap.bw.feature.bpcplanning.devedition"
      label="%featureName"
      version="1.23.21"
      provider-name="%providerName"
      plugin="com.sap.bw.branding">

   <description>
      %description
   </description>

   <copyright>
      %copyright
   </copyright>

   <license>
      %license
   </license>

   <includes
         id="com.sap.bw.feature.bpcplanning"
         version="1.23.21"/>

   <requires>
      <import feature="com.sap.adt.core.devedition" version="0.0.0"/>
   </requires>

</feature>
