<?xml version="1.0" encoding="UTF-8"?>
<feature
      id="com.sap.ndb.studio.afm.feature"
      label="%featureName_xtit"
      version="2.3.61"
      provider-name="%providerName"
      plugin="com.sap.ndb.studio">

   <description url="http://www.sap.com">
      %description_xtol
   </description>

   <copyright>
      %copyright
   </copyright>

   <license url="">
      %license
   </license>

   <requires>
      <import feature="com.sap.ndb.studio.dwb.feature" version="2.3.61" match="greaterOrEqual"/>
      <import feature="com.sap.ndb.studio.foundation.feature" version="2.3.61" match="greaterOrEqual"/>
      <import feature="com.sap.ndb.studio.runtime.feature" version="2.3.61" match="greaterOrEqual"/>
   </requires>
   
   <plugin
         id="com.sap.ndb.studio.aflconnector.model"
         download-size="116"
         install-size="266"
         version="2.3.61"
         unpack="false"/>
         
   <plugin
         id="com.sap.ndb.studio.flowgraph.model"
         download-size="673"
         install-size="1456"
         version="2.3.61"
         unpack="false"/>

   <plugin
         id="com.sap.ndb.studio.flowgraph.resources"
         download-size="583"
         install-size="1836"
         version="2.3.61"
         unpack="false"/>

   <plugin
         id="com.sap.ndb.studio.flowgraph.transform"
         download-size="70"
         install-size="150"
         version="2.3.61"
         unpack="false"/>

   <plugin
         id="com.sap.ndb.studio.flowgraph.ui"
         download-size="740"
         install-size="1565"
         version="2.3.61"
         unpack="false"/>

   <plugin
         id="com.sap.ndb.studio.afm"
         download-size="341"
         install-size="736"
         version="2.3.61"
         unpack="false"/>

   <plugin
         id="com.sap.ndb.studio.afl"
         download-size="29"
         install-size="52"
         version="2.3.61"
         unpack="false"/>

</feature>
