<?xml version="1.0" encoding="UTF-8"?>
<feature
      id="com.sap.adt.fwk.ci"
      label="%featureName"
      version="3.20.0"
      provider-name="%providerName"
      plugin="com.sap.adt.branding">

   <description>
      %description
   </description>

   <copyright>
      %copyright
   </copyright>

   <license url="">
      %license
   </license>

   <requires>
      <import feature="com.sap.adt.connectivity" version="2.34.0" match="greaterOrEqual"/>
   </requires>

   <plugin
         id="com.sap.adt.sapgui.embedding"
         download-size="33"
         install-size="37"
         version="3.20.0"
         unpack="false"/>

   <plugin
         id="com.sap.adt.sapgui.config"
         download-size="266"
         install-size="286"
         version="3.20.0"
         unpack="false"/>

   <plugin
         id="com.sap.adt.communication"
         download-size="594"
         install-size="1254"
         version="3.20.0"
         unpack="false"/>

   <plugin
         id="com.sap.adt.communication.ui"
         download-size="165"
         install-size="308"
         version="3.20.0"
         unpack="false"/>

   <plugin
         id="com.sap.adt.destinations"
         download-size="37"
         install-size="62"
         version="3.20.0"
         unpack="false"/>

   <plugin
         id="com.sap.adt.compatibility"
         download-size="98"
         install-size="196"
         version="3.20.0"
         unpack="false"/>

   <plugin
         id="com.sap.adt.logging"
         download-size="34"
         install-size="61"
         version="3.20.0"
         unpack="false"/>

   <plugin
         id="com.sap.adt.destinations.ui"
         download-size="114"
         install-size="227"
         version="3.20.0"
         unpack="false"/>

   <plugin
         id="com.sap.adt.util.ui"
         download-size="586"
         install-size="1202"
         version="3.20.0"
         unpack="false"/>

   <plugin
         id="com.sap.adt.compatibility.base"
         download-size="40"
         install-size="66"
         version="3.20.0"
         unpack="false"/>

   <plugin
         id="com.sap.adt.util"
         download-size="140"
         install-size="280"
         version="3.20.0"
         unpack="false"/>

   <plugin
         id="com.sap.adt.destinations.model"
         download-size="122"
         install-size="232"
         version="3.20.0"
         unpack="false"/>

   <plugin
         id="com.sap.adt.compatibility.ui"
         download-size="18"
         install-size="26"
         version="3.20.0"
         unpack="false"/>

   <plugin
         id="com.sap.adt.chartlib.ui"
         download-size="718"
         install-size="1516"
         version="3.20.0"
         unpack="false"/>

   <plugin
         id="com.sap.adt.project"
         download-size="53"
         install-size="97"
         version="3.20.0"
         unpack="false"/>

   <plugin
         id="com.sap.adt.project.ui"
         download-size="258"
         install-size="512"
         version="3.20.0"
         unpack="false"/>

  <plugin
        id="com.sap.adt.notifications.ui"
        download-size="29"
        install-size="46"
        version="3.20.0"
        unpack="false"/>

</feature>
