<?xml version="1.0" encoding="UTF-8"?>
<feature
      id="com.sap.adt.pitools"
      label="%pitools_featureName_xgrp"
      version="1.141.0"
      plugin="com.sap.adt.branding">

   <description>
      %pitools_description_xtxt
   </description>

   <copyright>
      %copyright
   </copyright>

   <license url="">
      %license
   </license>

   <requires>
      <import feature="com.sap.adt.common" version="1.1.0" match="compatible"/>
      <import feature="com.sap.adt.datatools" version="1.1.0" match="compatible"/>
      <import feature="org.eclipse.wst.ws_ui.feature" version="3.3.0" match="compatible"/>
   </requires>

   <plugin
         id="com.sap.mts.common.model"
         download-size="82"
         install-size="208"
         version="1.141.0"
         unpack="false"/>

   <plugin
         id="com.sap.mts.masterdetails.framework"
         download-size="31"
         install-size="59"
         version="1.141.0"
         unpack="false"/>

   <plugin
         id="com.sap.mts.processintegration.guide.doc.user"
         download-size="3720"
         install-size="7992"
         version="1.124.0"
         unpack="false"/>

   <plugin
         id="com.sap.mts.processintegration.guide.doc.user.ext"
         download-size="11"
         install-size="14"
         version="1.141.0"
         unpack="false"/>

   <plugin
         id="com.sap.mts.esr.model"
         download-size="64"
         install-size="154"
         version="1.141.0"
         unpack="false"/>

   <plugin
         id="com.sap.mts.esr.ui"
         download-size="128"
         install-size="243"
         version="1.141.0"
         unpack="false"/>

   <plugin
         id="com.sap.mts.serviceconsumer.model"
         download-size="72"
         install-size="182"
         version="1.141.0"
         unpack="false"/>

   <plugin
         id="com.sap.mts.serviceconsumer.ui"
         download-size="188"
         install-size="409"
         version="1.141.0"
         unpack="false"/>

   <plugin
         id="com.sap.mts.serviceprovider.model"
         download-size="68"
         install-size="169"
         version="1.141.0"
         unpack="false"/>

   <plugin
         id="com.sap.mts.serviceprovider.ui"
         download-size="175"
         install-size="388"
         version="1.141.0"
         unpack="false"/>

   <plugin
         id="com.sap.mts.serviceregistry.model"
         download-size="57"
         install-size="141"
         version="1.141.0"
         unpack="false"/>

   <plugin
         id="com.sap.mts.serviceregistry.ui"
         download-size="119"
         install-size="234"
         version="1.141.0"
         unpack="false"/>

   <plugin
         id="com.sap.mts.soamanager.ui"
         download-size="23"
         install-size="37"
         version="1.141.0"
         unpack="false"/>

    <plugin
         id="com.sap.mts.aci.ui"
         download-size="14"
         install-size="18"
         version="1.141.0"
         unpack="false"/>

 	<plugin
         id="com.sap.mts.payloadvalidation.ui"
         download-size="45"
         install-size="82"
         version="1.141.0"
         unpack="false"/>

    <plugin
         id="com.sap.mts.webservices.cheatsheet"
         download-size="47"
         install-size="104"
         version="1.141.0"
         unpack="false"/>

</feature>
