<?xml version="1.0" encoding="UTF-8"?>
<feature
      id="com.sap.adt.tools.ddic"
      label="%featureName"
      version="3.20.0"
      provider-name="%providerName"
      plugin="com.sap.adt.branding">

   <description>
      %description
   </description>

   <copyright>
      %copyright
   </copyright>

   <license url="">
      %license
   </license>
<!--
   <requires>
      <import feature="com.sap.adt.tools" version="3.0.0.qualifier" match="greaterOrEqual"/>
   </requires>
-->
   <plugin
         id="com.sap.adt.ddic"
         download-size="112"
         install-size="230"
         version="3.20.0"
         unpack="false"/>

   <plugin
         id="com.sap.adt.ddic.ui"
         download-size="382"
         install-size="723"
         version="3.20.0"
         unpack="false"/>

   <plugin
         id="com.sap.adt.ddic.dependencyrule"
         download-size="57"
         install-size="131"
         version="3.20.0"/>

   <plugin
         id="com.sap.adt.ddic.dependencyrule.ui"
         download-size="85"
         install-size="165"
         version="3.20.0"/>

   <plugin
         id="com.sap.adt.ddic.enqu"
         download-size="69"
         install-size="154"
         version="3.20.0"/>

   <plugin
         id="com.sap.adt.ddic.enqu.ui"
         download-size="102"
         install-size="196"
         version="3.20.0"/>

   <plugin
         id="com.sap.adt.ddic.structure"
         download-size="135"
         install-size="316"
         version="3.20.0"/>

   <plugin
         id="com.sap.adt.ddic.structure.ui"
         download-size="169"
         install-size="358"
         version="3.20.0"/>

   <plugin
         id="com.sap.adt.ddic.table"
         download-size="13"
         install-size="18"
         version="3.20.0"/>

   <plugin
         id="com.sap.adt.ddic.table.ui"
         download-size="56"
         install-size="89"
         version="3.20.0"/>

   <plugin
         id="com.sap.adt.ddic.dataelement"
         download-size="121"
         install-size="286"
         version="3.20.0"/>

   <plugin
         id="com.sap.adt.ddic.dataelement.ui"
         download-size="159"
         install-size="322"
         version="3.20.0"/>

   <plugin
         id="com.sap.adt.ddic.domain"
         download-size="68"
         install-size="164"
         version="3.20.0"/>

   <plugin
         id="com.sap.adt.ddic.domain.ui"
         download-size="130"
         install-size="257"
         version="3.20.0"/>	
   
   <plugin
         id="com.sap.adt.ddic.tabletype"
         download-size="81"
         install-size="203"
         version="3.20.0"/>	
   
   <plugin
         id="com.sap.adt.ddic.tabletype.ui"
         download-size="155"
         install-size="314"
         version="3.20.0"/>	

   <plugin
         id="com.sap.adt.ddic.table.settings"
         download-size="81"
         install-size="197"
         version="3.20.0"/>	
   
   <plugin
         id="com.sap.adt.ddic.table.settings.ui"
         download-size="72"
         install-size="146"
         version="3.20.0"/>			 

   <plugin
         id="com.sap.adt.ddic.typegroup"
         download-size="53"
         install-size="102"
         version="3.20.0"/>	
   
   <plugin
         id="com.sap.adt.ddic.typegroup.ui"
         download-size="66"
         install-size="104"
         version="3.20.0"/>	
		 
</feature>
