<?xml version="1.0" encoding="UTF-8"?>
<feature
      id="com.sap.adt.tools.base"
      label="%featureName"
      version="3.20.2"
      provider-name="%providerName"
      plugin="com.sap.adt.branding">

   <description>
      %description
   </description>

   <copyright>
      %copyright
   </copyright>

   <license url="">
      %license
   </license>

   <requires>
      <import feature="com.sap.adt.fwk.ci" version="1.0.0" match="greaterOrEqual"/>
   </requires>

   <plugin
         id="com.sap.adt.activation"
         download-size="117"
         install-size="269"
         version="3.20.2"
         unpack="false"/>

   <plugin
         id="com.sap.adt.tools.core.ui"
         download-size="1625"
         install-size="3192"
         version="3.20.2"
         unpack="false"/>

   <plugin
         id="com.sap.adt.tools.core"
         download-size="669"
         install-size="1543"
         version="3.20.2"
         unpack="false"/>

   <plugin
         id="com.sap.adt.ris.metadata"
         download-size="47"
         install-size="94"
         version="3.20.2"
         unpack="false"/>

   <plugin
         id="com.sap.adt.ris.model"
         download-size="270"
         install-size="671"
         version="3.20.2"
         unpack="false"/>

   <plugin
         id="com.sap.adt.ris.search"
         download-size="130"
         install-size="267"
         version="3.20.2"
         unpack="false"/>

   <plugin
         id="com.sap.adt.packages"
         download-size="291"
         install-size="747"
         version="3.20.2"
         unpack="false"/>

   <plugin
         id="com.sap.adt.tools.core.base"
         download-size="381"
         install-size="882"
         version="3.20.2"
         unpack="false"/>

   <plugin
         id="com.sap.adt.transport"
         download-size="195"
         install-size="455"
         version="3.20.2"
         unpack="false"/>

   <plugin
         id="com.sap.adt.transport.ui"
         download-size="258"
         install-size="512"
         version="3.20.2"
         unpack="false"/>

   <plugin
         id="com.sap.adt.tools.filesystem"
         download-size="201"
         install-size="456"
         version="3.20.2"
         unpack="false"/>

</feature>
