<?xml version="1.0" encoding="UTF-8"?>
<feature
      id="com.sap.adt.tools.debug"
      label="%featureName"
      version="3.20.0"
      provider-name="%providerName"
      plugin="com.sap.adt.branding">

   <description>
      %description
   </description>

   <copyright>
      %copyright
   </copyright>

   <license url="">
      %license
   </license>

   <requires>
      <import feature="com.sap.adt.tools" version="2.0.0.qualifier" match="greaterOrEqual"/>
      <import feature="com.sap.adt.tools.base" version="2.0.0.qualifier" match="greaterOrEqual"/>
   </requires>

   <plugin
         id="com.sap.adt.amdp.debugger"
         download-size="228"
         install-size="479"
         version="3.20.0"
         unpack="false"/>
   <plugin
         id="com.sap.adt.amdp.debugger.ui"
         download-size="269"
         install-size="575"
         version="3.20.0"
         unpack="false"/>

   <plugin
         id="com.sap.adt.debugger"
         download-size="550"
         install-size="1234"
         version="3.20.0"
         unpack="false"/>

   <plugin
         id="com.sap.adt.debugger.ui"
         download-size="1121"
         install-size="2400"
         version="3.20.0"
         unpack="false"/>

</feature>
