<?xml version="1.0" encoding="UTF-8"?>
<feature
      id="com.sap.ndb.studio.admin.feature"
      label="%featureName_xtit"
      version="2.3.61"
      provider-name="%providerName"
      plugin="com.sap.ndb.studio">

   <description url="http://www.sap.com">
      %description_xtol
   </description>

   <copyright>
      %copyright
   </copyright>

   <license url="">
      %license
   </license>

   <requires>
      <import feature="com.sap.ndb.studio.foundation.feature" version="2.3.61" match="greaterOrEqual"/>
      <import feature="com.sap.ndb.studio.runtime.feature" version="2.3.61" match="greaterOrEqual"/>
      <import feature="com.sap.ndb.studio.lcm.feature" version="2.3.61" match="greaterOrEqual"/>
   </requires>

   <plugin
         id="com.sap.ndb.studio.admin"
         download-size="3183"
         install-size="6843"
         version="2.3.61"
         unpack="false"/>

   <plugin
        id="com.sap.ndb.studio.xs.admin"
        download-size="31"
        install-size="58"
        version="2.3.61"
        unpack="false"/>

   <plugin
         id="com.sap.ndb.studio.backup"
         download-size="935"
         install-size="2014"
         version="2.3.61"
         unpack="false"/>

   <plugin
         id="com.sap.ndb.studio.admin.help"
         download-size="12350"
         install-size="20565"
         version="1.6.3"
         unpack="false"/>

   <plugin
         id="com.sap.ndb.studio.troubleshoot.performance.help"
         download-size="8331"
         install-size="11820"
         version="1.6.3"
         unpack="false"/>

   <plugin
         id="com.sap.ndb.studio.authorization"
         download-size="1021"
         install-size="2318"
         version="2.3.61"
         unpack="false"/>

   <plugin
         id="com.sap.ndb.studio.authdepviewer"
         download-size="116"
         install-size="213"
         version="2.3.61"
         unpack="false"/>

   <plugin
         id="com.sap.ndb.studio.federation.admin"
         download-size="48"
         install-size="90"
         version="2.3.61"
         unpack="false"/>

</feature>
