<?xml version="1.0" encoding="UTF-8"?>
<feature
      id="com.sap.adt.tools.base.devedition"
      label="%featureName"
      version="3.20.2"
      provider-name="%providerName"
      plugin="com.sap.adt.branding">

   <description>
      %description
   </description>

   <copyright>
      %copyright
   </copyright>

   <license url="">
      %license
   </license>

   <requires>
      <import feature="com.sap.adt.tools.base" version="3.0.0.qualifier" match="greaterOrEqual"/>
   </requires>

</feature>
