<?xml version="1.0" encoding="UTF-8"?>
<feature
      id="com.sap.adt.connectivity"
      label="%featureName"
      version="2.34.0"
      provider-name="%providerName"
      plugin="com.sap.adt.branding">

   <description>
      %description
   </description>

   <copyright>
      %copyright
   </copyright>

   <license url="">
      %license
   </license>

   <requires>
      <import feature="com.sap.conn.jco.eclipse.feature" version="1.15.0" match="greaterOrEqual"/>
   </requires>

   <plugin
         id="org.eclipse.core.resources.semantic"
         download-size="214"
         install-size="487"
         version="0.6.3.v20140217-2212"
         unpack="false"/>

   <plugin
         id="org.eclipse.ui.resources.semantic"
         download-size="179"
         install-size="384"
         version="0.6.1.v20140117-1517"
         unpack="false"/>

</feature>
