<?xml version="1.0" encoding="UTF-8"?>
<feature
      id="com.sap.adt.tm.feature"
      label="%featureName"
      version="1.145.0"
      provider-name="%providerName"
      plugin="com.sap.adt.branding">

   <description>
      %description
   </description>

   <copyright>
      %copyright
   </copyright>

   <license url="">
      %license
   </license>

   <requires>
      <import feature="com.sap.adt.tools" version="1.4.0" match="greaterOrEqual"/>
   </requires>

   <plugin
         id="com.sap.adt.tm.ui"
         download-size="908"
         install-size="1891"
         version="1.145.0"
         unpack="false"/>

   <plugin
         id="com.sap.adt.tm.model"
         download-size="197"
         install-size="542"
         version="1.145.0"
         unpack="false"/>

</feature>
