<?xml version="1.0" encoding="UTF-8"?>
<feature
      id="com.sap.bw.feature.base"
      label="%featureName"
      version="1.23.21"
      provider-name="%providerName"
      plugin="com.sap.bw.branding">

   <description>
      %description
   </description>

   <copyright>
      %copyright
   </copyright>

   <license>
      %license
   </license>

   <requires>
      <import feature="com.sap.ndb.studio.modeler.reuse.feature" version="2.3.42"/>
      <import feature="com.sap.adt.core" version="0.0.0"/>
   </requires>

   <plugin
         id="com.sap.bw.core.ui"
         download-size="1181"
         install-size="2330"
         version="1.23.21"
         unpack="false"/>

   <plugin
         id="com.sap.bw.projectexplorer.ui"
         download-size="151"
         install-size="344"
         version="1.23.21"
         unpack="false"/>

   <plugin
         id="com.sap.bw.connectivity"
         download-size="1169"
         install-size="2512"
         version="1.23.21"
         unpack="false"/>

   <plugin
         id="com.sap.bw.controller.form"
         download-size="49"
         install-size="98"
         version="1.23.21"
         unpack="false"/>

   <plugin
         id="com.sap.bw.model.composite"
         download-size="177"
         install-size="420"
         version="1.23.21"
         unpack="false"/>

   <plugin
         id="com.sap.bw.model.core"
         download-size="428"
         install-size="1025"
         version="1.23.21"
         unpack="false"/>

   <plugin
         id="com.sap.bw.editor.ui"
         download-size="1409"
         install-size="3009"
         version="1.23.21"
         unpack="false"/>

   <plugin
         id="com.sap.bw.core"
         download-size="28"
         install-size="44"
         version="1.23.21"
         unpack="false"/>

   <plugin
         id="com.sap.bw.model.iobj"
         download-size="447"
         install-size="1103"
         version="1.23.21"
         unpack="false"/>

   <plugin
         id="com.sap.bw.model.valueinputconversion"
         download-size="78"
         install-size="165"
         version="1.23.21"
         unpack="false"/>

   <plugin
         id="com.sap.bw.model.periodsplit"
         download-size="68"
         install-size="141"
         version="1.23.21"
         unpack="false"/>

   <plugin
         id="com.sap.bw.localization"
         download-size="55"
         install-size="133"
         version="1.23.21"
         unpack="false"/>

   <plugin
         id="com.sap.bw.branding"
         download-size="12"
         install-size="14"
         version="1.23.21"
         unpack="false"/>

   <plugin
         id="com.sap.bw.search.ui"
         download-size="126"
         install-size="255"
         version="1.23.21"
         unpack="false"/>

   <plugin
         id="com.sap.bw.compare.ui"
         download-size="87"
         install-size="180"
         version="1.23.21"
         unpack="false"/>
         
   <plugin
         id="com.sap.bw.transport.ui"
         download-size="81"
         install-size="157"
         version="1.23.21"
         unpack="false"/>         

   <plugin
         id="com.sap.docu.bw.help"
         download-size="7238"
         install-size="11928"
         version="1.23.0"
         unpack="false"/>

   <plugin
         id="com.sap.docu.bw4hana.help"
         download-size="6895"
         install-size="12001"
         version="1.23.0"
         unpack="false"/>

   <plugin
         id="com.sap.docu.bpc4hana.help"
         download-size="8995"
         install-size="14497"
         version="1.23.0"
         unpack="false"/>
         
   <plugin
         id="com.sap.docu.bw4hana2.help"
         download-size="6934"
         install-size="12223"
         version="1.23.0"
         unpack="false"/>
         
   <plugin
         id="com.sap.docu.bpc4hana2.help"
         download-size="9181"
         install-size="15158"
         version="1.23.0"
         unpack="false"/>

   <plugin
         id="org.apache.poi"
         download-size="1914"
         install-size="3944"
         version="3.9.0.v201405241750"
         unpack="false"/>

   <plugin
         id="org.apache.poi.ooxml"
         download-size="942"
         install-size="2593"
         version="3.9.0.v201405241905"
         unpack="false"/>

   <plugin
         id="org.apache.poi.ooxml.schemas"
         download-size="5075"
         install-size="16027"
         version="3.9.0.v201405241750"
         unpack="false"/>

   <plugin
         id="org.dom4j"
         download-size="328"
         install-size="689"
         version="1.6.1.v20190321-1528"
         unpack="false"/>

   <plugin
         id="org.apache.xmlbeans"
         download-size="2806"
         install-size="6288"
         version="2.3.0.v201605172150"
         unpack="false"/>

</feature>
