<?xml version="1.0" encoding="UTF-8"?>
<feature
      id="com.sap.adt.core"
      label="%featureName"
      version="3.20.2"
      provider-name="%providerName"
      plugin="com.sap.adt.branding">

   <description>
      %description
   </description>

   <copyright>
      %copyright
   </copyright>

   <license url="">
      %license
   </license>

   <includes
         id="com.sap.adt.connectivity"
         version="2.34.0"/>

   <includes
         id="com.sap.adt.fwk.ci"
         version="3.20.0"/>

   <includes
         id="com.sap.adt.tm.feature"
         version="1.145.0"/>

   <includes
         id="com.sap.adt.tools.base"
         version="3.20.2"/>

   <includes
         id="com.sap.adt.tools"
         version="3.20.2"/>

   <includes
         id="com.sap.adt.tools.cds.base"
         version="3.20.0"/>

   <includes
         id="com.sap.adt.tools.cds"
         version="3.20.1"/>

   <includes
         id="com.sap.adt.tools.ddic"
         version="3.20.0"/>
         
   <includes
         id="com.sap.adt.tools.debug"
         version="3.20.0"/>

   <includes
         id="com.sap.adt.tools.testdoubles"
         version="1.76.0"/>

   <includes
         id="com.sap.adt.conn"
         version="1.80.0"/>

   <includes
         id="com.sap.adt.datapreview"
         version="1.128.0"/>

   <includes
         id="com.sap.adt.tools.com"
         version="3.20.0"/>

   <includes
         id="com.sap.adt.tools.iam"
         version="3.20.1"/>

   <requires>
      <import feature="com.sap.ide.support.feature" version="1.19.0" match="compatible"/>
   </requires>

   <plugin
         id="com.sap.adt.abapdev.guide.doc.user"
         download-size="43593"
         install-size="54147"
         version="3.20.0"/>

   <plugin
         id="com.sap.adt.abapdev.guide.doc.user.ext"
         download-size="53"
         install-size="141"
         version="3.20.2"/>

   <plugin
         id="com.sap.adt.branding"
         download-size="11"
         install-size="13"
         version="2.34.0"/>

   <plugin
         id="com.sap.adt.abap.prog.fiori.doc.dev"
         download-size="10538"
         install-size="15803"
         version="3.12.0"/>

   <plugin
         id="com.sap.adt.abap.prog.rap.doc.dev"
         download-size="20365"
         install-size="25653"
         version="3.20.0"/>

   <plugin
         id="com.sap.adt.abap.dev.tools.release.notes"
         download-size="2666"
         install-size="5919"
         version="3.20.0"/>

   <plugin
         id="com.sap.adt.support.ui"
         download-size="46"
         install-size="65"
         version="3.20.2"
         unpack="false"/>
         

</feature>
